name,init_value,decay_rate,num_particles,batch_size,num_iterations,stopped_at_iteration,kernel_length,warm_up_iterations_early_stopping,patience_early_stopping,min_delta_early_stopping,mean_true_output,var_true_output,mean_prediction,average_var_prediction,particle_span_predictions,mean_precision,var_precision,mse
Regression_toy_example,0.1,0.95,30,0,10000,1299,0.005,1000,300,0.00025,0.14221106,1.1508663,0.108300425,4.0289807,8.62622,573.26697,165356860.0,1.0934126
Regression_toy_example,0.1,0.95,100,0,10000,1299,0.005,1000,300,0.00025,0.14221106,1.1508663,0.11453449,45.965622,27.84214,1351.373,89852120.0,1.3018405
Regression_toy_example,0.1,0.95,80,0,10000,1299,0.005,1000,300,0.00025,0.14221106,1.1508663,0.29821268,5499.034,320.3836,26383.975,428869950.0,51.993042
Regression_toy_example,0.1,0.95,50,0,10000,1299,0.005,1000,300,0.00025,0.14221106,1.1508663,0.120839685,12.194419,15.124922,-1372.179,93682660.0,1.26262
Regression_toy_example,0.1,0.95,40,0,10000,1299,0.005,1000,300,0.00025,0.14221106,1.1508663,0.10342595,14.108243,15.836029,357.30118,62719400.0,1.3851931
Regression_toy_example,0.1,0.95,30,0,10000,1299,0.005,1000,300,0.00025,0.14221106,1.1508663,0.108300425,4.0289807,8.62622,573.26697,165356860.0,1.0934126
Regression_toy_example,0.1,0.95,20,0,10000,1299,0.005,1000,300,0.00025,0.14221106,1.1508663,0.08553448,19.754961,18.322079,354.84192,63280616.0,1.8009088
Regression_toy_example,0.1,0.95,10,0,10000,1299,0.005,1000,300,0.00025,0.14221106,1.1508663,0.10879502,4.22679,8.628971,4814.1006,140999580.0,1.2370992
Regression_toy_example,0.1,0.95,5,0,10000,1299,0.005,1000,300,0.00025,0.14221106,1.1508663,0.100532874,0.8731317,4.5869484,-971.9194,122312490.0,1.2647649
